Date,Day,Start Time,Title,Year,Rating,Category,Theme,Special Note
2026-08-01,Saturday,8:00 PM,Men in Black,1997,PG-13,Movie,🚀 Sci-Fi Odyssey,
2026-08-07,Friday,8:00 PM,School of Rock,2003,PG-13,Movie,😂 Comedy Night,
2026-08-08,Saturday,8:00 PM,Moana,2016,PG,Movie,👨‍👩‍👧 Family Night,
2026-08-14,Friday,7:00 PM,Buccaneers at Jets,,,Sports,🏈 NFL Preseason,Preseason Week 1
2026-08-15,Saturday,8:00 PM,Black Panther,2018,PG-13,Movie,💥 Action Night,
2026-08-21,Friday,8:00 PM,Catch Me If You Can,2002,PG-13,Movie,🔪 Thrill & Chill Night,
2026-08-22,Saturday,4:00 PM,Giants at Dolphins,,,Sports,🏈 NFL Preseason,Preseason Week 2
2026-08-22,Saturday,7:30 PM,Chiefs at Buccaneers,,,Sports,🏈 NFL Preseason,Preseason Week 2
2026-08-23,Sunday,9:00 AM,F1 Dutch Grand Prix,,,Sports,🏎️ Formula 1 Sunday,Final race at Zandvoort
2026-08-28,Friday,8:00 PM,Pitch Perfect,2012,PG-13,Movie,😂 Comedy Night,
2026-08-29,Saturday,7:00 PM,New Mexico State at Florida State,,,Sports,🏈 College Gameday @ Jade,College Football Week 0 · The CW
2026-08-30,Sunday,2:00 PM,PGA Tour Championship,,,Sports,⛳ Tour Championship,Final round · East Lake
2026-09-04,Friday,8:00 PM,Ferris Bueller's Day Off,1986,PG-13,Movie,🌅 Summer Sendoff,
2026-09-05,Saturday,12:00 PM,College Gameday @ Jade,,,Recurring Watch Party,🏈 College Gameday @ Jade,
2026-09-05,Saturday,7:00 PM,The Lord of the Rings: The Fellowship of the Ring,2001,PG-13,Movie,🚀 Sci-Fi Odyssey,
2026-09-06,Sunday,8:00 PM,Wicked,2024,PG,Movie,🎶 Magic & Melody,
2026-09-07,Monday,8:00 PM,Shrek,2001,PG,Movie,👨‍👩‍👧 Family Night,Labor Day
2026-09-09,Wednesday,8:20 PM,Patriots at Seahawks,,,Sports,🏈 NFL Season Kickoff,Season opener
2026-09-10,Thursday,8:35 PM,49ers at Rams,,,Sports,🏈 NFL Thursday Night Football,Live from Melbourne · Netflix
2026-09-11,Friday,8:00 PM,Enola Holmes,2020,PG-13,Movie,🔪 Thrill & Chill Night,
2026-09-12,Saturday,12:00 PM,College Gameday @ Jade,,,Recurring Watch Party,🏈 College Gameday @ Jade,
2026-09-12,Saturday,8:00 PM,Ready Player One,2018,PG-13,Movie,🚀 Sci-Fi Odyssey,
2026-09-13,Sunday,1:00 PM,NFL Sundays 4 Games,,,Sports,🏈 NFL Sunday @ Jade,Buccaneers at Bengals · Browns at Jaguars
2026-09-13,Sunday,4:25 PM,NFL Sundays 4 Games,,,Sports,🏈 NFL Sunday @ Jade,Dolphins at Raiders
2026-09-13,Sunday,8:20 PM,Cowboys at Giants,,,Sports,🏈 NFL Sunday Night Football,
2026-09-14,Monday,8:15 PM,Broncos at Chiefs,,,Sports,🏈 NFL Monday Night Football,
2026-09-17,Thursday,8:15 PM,Lions at Bills,,,Sports,🏈 NFL Thursday Night Football,
2026-09-18,Friday,8:00 PM,Barbie,2023,PG-13,Movie,😂 Comedy Night,
2026-09-19,Saturday,12:00 PM,College Gameday @ Jade,,,Recurring Watch Party,🏈 College Gameday @ Jade,
2026-09-19,Saturday,3:30 PM,Florida State at Alabama,,,Sports,🏈 College Gameday @ Jade,
2026-09-19,Saturday,7:00 PM,Florida at Auburn,,,Sports,🏈 College Gameday @ Jade,
2026-09-20,Sunday,1:00 PM,NFL Sundays 4 Games,,,Sports,🏈 NFL Sunday @ Jade,Browns at Buccaneers — home opener
2026-09-20,Sunday,4:05 PM,NFL Sundays 4 Games,,,Sports,🏈 NFL Sunday @ Jade,Dolphins at 49ers · Jaguars at Broncos
2026-09-20,Sunday,8:20 PM,Colts at Chiefs,,,Sports,🏈 NFL Sunday Night Football,
2026-09-21,Monday,8:15 PM,Giants at Rams,,,Sports,🏈 NFL Monday Night Football,
2026-09-24,Thursday,8:15 PM,Falcons at Packers,,,Sports,🏈 NFL Thursday Night Football,
2026-09-25,Friday,8:00 PM,La La Land,2016,PG-13,Movie,💘 Romance Night,
2026-09-26,Saturday,12:00 PM,College Gameday @ Jade,,,Recurring Watch Party,🏈 College Gameday @ Jade,
2026-09-26,Saturday,8:00 PM,Wonder Woman,2017,PG-13,Movie,💥 Action Night,
2026-09-27,Sunday,1:00 PM,NFL Sundays 4 Games,,,Sports,🏈 NFL Sunday @ Jade,Chiefs at Dolphins · Patriots at Jaguars
2026-09-27,Sunday,4:05 PM,NFL Sundays 4 Games,,,Sports,🏈 NFL Sunday @ Jade,Vikings at Buccaneers
2026-09-27,Sunday,8:20 PM,Rams at Broncos,,,Sports,🏈 NFL Sunday Night Football,
2026-09-28,Monday,8:15 PM,Eagles at Bears,,,Sports,🏈 NFL Monday Night Football,
2026-09-29,Tuesday,5:00 PM,Panthers at Hurricanes,,,Sports,🏒 NHL Season Opener,Season opener
2026-10-01,Thursday,8:15 PM,Steelers at Browns,,,Sports,🏈 NFL Thursday Night Football,
2026-10-02,Friday,8:00 PM,Hocus Pocus,1993,PG,Movie,🎃 Spooktober at The Jade,Spooktober Kickoff
2026-10-03,Saturday,12:00 PM,College Gameday @ Jade,,,Recurring Watch Party,🏈 College Gameday @ Jade,
2026-10-03,Saturday,12:30 PM,Free Ice Cream Truck,,,Special Event,🎉 Community Event,Polk Sheriff Charities · 12:30–1:30 PM · outside the gate by the leasing office
2026-10-03,Saturday,7:00 PM,Capitals at Lightning,,,Sports,🏒 Lightning Home Opener,Home opener · time to confirm
2026-10-04,Sunday,1:00 PM,NFL Sundays 4 Games,,,Sports,🏈 NFL Sunday @ Jade,Packers at Buccaneers
2026-10-04,Sunday,4:05 PM,NFL Sundays 4 Games,,,Sports,🏈 NFL Sunday @ Jade,Dolphins at Vikings
2026-10-04,Sunday,8:20 PM,Lions at Panthers,,,Sports,🏈 NFL Sunday Night Football,
2026-10-05,Monday,8:15 PM,Falcons at Saints,,,Sports,🏈 NFL Monday Night Football,
2026-10-08,Thursday,8:15 PM,Buccaneers at Cowboys,,,Sports,🏈 NFL Thursday Night Football,Bucs in prime time
2026-10-09,Friday,7:00 PM,The Addams Family,1991,PG-13,Movie,🎃 Spooktober at The Jade,Double Feature
2026-10-09,Friday,8:45 PM,Addams Family Values,1993,PG-13,Movie,🎃 Spooktober at The Jade,Double Feature
2026-10-10,Saturday,12:00 PM,College Gameday @ Jade,,,Recurring Watch Party,🏈 College Gameday @ Jade,South Carolina at Florida
2026-10-10,Saturday,8:00 PM,Coraline,2009,PG,Movie,🎃 Spooktober at The Jade,Resident request
2026-10-11,Sunday,1:00 PM,NFL Sundays 4 Games,,,Sports,🏈 NFL Sunday @ Jade,Bengals at Dolphins
2026-10-11,Sunday,4:25 PM,NFL Sundays 4 Games,,,Sports,🏈 NFL Sunday @ Jade,
2026-10-11,Sunday,8:20 PM,Ravens at Falcons,,,Sports,🏈 NFL Sunday Night Football,
2026-10-12,Monday,8:15 PM,Bills at Rams,,,Sports,🏈 NFL Monday Night Football,
2026-10-15,Thursday,8:15 PM,Seahawks at Broncos,,,Sports,🏈 NFL Thursday Night Football,
2026-10-16,Friday,8:00 PM,KPop Demon Hunters,2025,PG,Movie,🎃 Spooktober at The Jade,Resident request
2026-10-17,Saturday,12:00 PM,College Gameday @ Jade,,,Recurring Watch Party,🏈 College Gameday @ Jade,Florida at Texas · time TBD
2026-10-17,Saturday,TBD,Florida State at Miami,,,Sports,🏈 College Gameday @ Jade,Rivalry game · kickoff TBD
2026-10-18,Sunday,1:00 PM,NFL Sundays 4 Games,,,Sports,🏈 NFL Sunday @ Jade,Steelers at Buccaneers
2026-10-18,Sunday,4:25 PM,NFL Sundays 4 Games,,,Sports,🏈 NFL Sunday @ Jade,
2026-10-18,Sunday,8:20 PM,Cowboys at Packers,,,Sports,🏈 NFL Sunday Night Football,
2026-10-19,Monday,8:15 PM,Commanders at 49ers,,,Sports,🏈 NFL Monday Night Football,
2026-10-20,Tuesday,7:00 PM,NBA Opening Night,,,Sports,🏀 NBA Opening Night,76ers at Knicks 7:00 · Thunder at Spurs 9:30
2026-10-22,Thursday,8:15 PM,Patriots at Bears,,,Sports,🏈 NFL Thursday Night Football,
2026-10-23,Friday,5:00 PM,Pumpkin Decorating Day,,,Special Event,🎉 Community Event,Pumpkins & pens in the clubhouse lobby · snacks in the rec room 5–6:30 · vote in the lobby through Oct 30
2026-10-23,Friday,6:00 PM,Wallace & Gromit: The Curse of the Were-Rabbit,2005,G,Movie,🎃 Spooktober at The Jade,Pumpkin Decorating Night
2026-10-23,Friday,7:30 PM,"Monsters, Inc.",2001,G,Movie,🎃 Spooktober at The Jade,Pumpkin Decorating Night
2026-10-23,Friday,9:15 PM,Practical Magic,1998,PG-13,Movie,🎃 Spooktober at The Jade,Pumpkin Night · Late Show
2026-10-24,Saturday,12:00 PM,College Gameday @ Jade,,,Recurring Watch Party,🏈 College Gameday @ Jade,
2026-10-24,Saturday,8:00 PM,Boo! A Madea Halloween,2016,PG-13,Movie,🎃 Spooktober at The Jade,Resident request
2026-10-25,Sunday,1:00 PM,NFL Sundays 4 Games,,,Sports,🏈 NFL Sunday @ Jade,Buccaneers at Panthers · Dolphins at Jets
2026-10-25,Sunday,4:25 PM,NFL Sundays 4 Games,,,Sports,🏈 NFL Sunday @ Jade,
2026-10-25,Sunday,8:20 PM,Chiefs at Seahawks,,,Sports,🏈 NFL Sunday Night Football,
2026-10-26,Monday,8:15 PM,Cowboys at Eagles,,,Sports,🏈 NFL Monday Night Football,
2026-10-28,Wednesday,7:00 PM,The Nightmare Before Christmas,1993,PG,Movie,🎃 Spooktober at The Jade,Double Feature
2026-10-28,Wednesday,8:30 PM,Corpse Bride,2005,PG,Movie,🎃 Spooktober at The Jade,Double Feature
2026-10-29,Thursday,8:15 PM,Panthers at Packers,,,Sports,🏈 NFL Thursday Night Football,
2026-10-30,Friday,5:00 PM,Contest Winners Announced,,,Special Event,🎉 Community Event,Pumpkin Decorating + Howl-O-Ween pet costume winners · clubhouse lobby
2026-10-30,Friday,7:00 PM,Ghostbusters,1984,PG,Movie,🎃 Spooktober at The Jade,Double Feature
2026-10-30,Friday,9:00 PM,Ghostbusters II,1989,PG,Movie,🎃 Spooktober at The Jade,Double Feature
2026-10-31,Saturday,12:00 PM,College Gameday @ Jade,,,Recurring Watch Party,🏈 College Gameday @ Jade,Florida State vs Clemson · time TBD
2026-10-31,Saturday,3:30 PM,Florida vs Georgia,,,Sports,🏈 College Gameday @ Jade,From Atlanta · ABC
2026-10-31,Saturday,7:00 PM,Scooby-Doo,2002,PG,Movie,🎃 Spooktober at The Jade,Halloween Night Double Feature
2026-10-31,Saturday,8:45 PM,Twilight,2008,PG-13,Movie,🎃 Spooktober at The Jade,Halloween Night Double Feature
